{"cameraMode":{"drawMode":0,"name":"Shaded","section":"Shading Mode"},"sceneLighting":true,"audioPlay":false,"sceneViewState":{"showFog":true,"showMaterialUpdate":false,"showSkybox":true,"showFlares":true,"showImageEffects":true,"showParticleSystems":true},"in2DMode":false,"pivot":{"x":0.4566563367843628,"y":-0.3302474915981293,"z":-8.938217163085938},"rotation":{"x":0.011374995112419129,"y":-0.06295432895421982,"z":0.0007176001672632992,"w":0.9979521036148071},"size":3.3324503898620607,"orthographic":true}