{"cameraMode":{"drawMode":0,"name":"Shaded","section":"Shading Mode"},"sceneLighting":true,"audioPlay":false,"sceneViewState":{"showFog":true,"showMaterialUpdate":false,"showSkybox":true,"showFlares":true,"showImageEffects":true,"showParticleSystems":true},"in2DMode":false,"pivot":{"x":3.0895848274230959,"y":12.180471420288086,"z":-3.5351853370666506},"rotation":{"x":0.20787015557289124,"y":0.002934472868219018,"z":-0.0006236131303012371,"w":0.9781524538993836},"size":18.83492088317871,"orthographic":true}